{
  "word_size": 8,
  "alphabet_size": 8,
  "interpolate_len": 32,
  "breakpoints_type": "empirical",
  "empirical_breakpoints": [
    -1.1338934190276784,
    -0.7040680615781935,
    -0.3448146410452742,
    -0.013700772791047755,
    0.3052804458831103,
    0.6831300510639732,
    1.1547005383792464
  ],
  "gaussian_breakpoints": [
    -1.1503493803760079,
    -0.6744897501960817,
    -0.31863936396437514,
    0.0,
    0.31863936396437514,
    0.6744897501960817,
    1.1503493803760079
  ],
  "metadata": {
    "n_matches": 8882,
    "median_length": 15.0,
    "skewness": 0.15607524137882303,
    "kurtosis": 1.7189723852723153
  }
}