{
  "bookmaker": "Bet 365",
  "strategy": "interleaved",
  "word_size": 6,
  "alphabet_size": 4,
  "interpolate_len": 32,
  "breakpoints_type": "empirical",
  "empirical_breakpoints": [
    -0.7102327856651508,
    -0.007914231285559107,
    0.6872487728187603
  ],
  "gaussian_breakpoints": [
    -0.6744897501960817,
    0.0,
    0.6744897501960817
  ],
  "metadata": {
    "n_matches_total": 21180,
    "n_matches_valid": 10625,
    "median_length": 14.0,
    "skewness": 0.14256755264667148,
    "kurtosis": 1.4325536042068112
  }
}