{
  "bookmaker": "Easybets",
  "word_size": 10,
  "alphabet_size": 8,
  "interpolate_len": 96,
  "breakpoints_type": "empirical",
  "empirical_breakpoints": [
    -1.1174092671158178,
    -0.7282786155144769,
    -0.3985360759228,
    -0.066308277410149,
    0.29907522791591146,
    0.6972308051912458,
    1.1874645015519563
  ],
  "gaussian_breakpoints": [
    -1.1503493803760079,
    -0.6744897501960817,
    -0.31863936396437514,
    0.0,
    0.31863936396437514,
    0.6744897501960817,
    1.1503493803760079
  ],
  "metadata": {
    "n_matches_total": 17680,
    "n_matches_valid": 8641,
    "median_length": 43.0,
    "skewness": 0.2309044630341753,
    "kurtosis": 0.021685469601424145
  }
}