{
  "bookmaker": "Easybets",
  "strategy": "interleaved",
  "word_size": 10,
  "alphabet_size": 4,
  "interpolate_len": 91,
  "breakpoints_type": "empirical",
  "empirical_breakpoints": [
    -0.7299909500157229,
    -0.06410208518733765,
    0.7017565899639243
  ],
  "gaussian_breakpoints": [
    -0.6744897501960817,
    0.0,
    0.6744897501960817
  ],
  "metadata": {
    "n_matches_total": 21181,
    "n_matches_valid": 10387,
    "median_length": 41.0,
    "skewness": 0.2217036653275589,
    "kurtosis": -0.00870062812729655
  }
}